{"2": {"quality": -3.4, "cost": 7.6, "efficiency": -0.4473684210526316}, "3": {"quality": -21.0, "cost": 3197.8, "efficiency": -0.006567014822690599}, "4": {"quality": -120.4, "cost": 13452.0, "efficiency": -0.008950341956586382}, "5": {"quality": -274.4, "cost": 253725.2, "efficiency": -0.001081485008189963}, "6": {"quality": -387.0, "cost": 433519.5, "efficiency": -0.000892693408254992}, "7": {"quality": -554.0, "cost": 548205.0, "efficiency": -0.0010105708630895377}}